"parametername","initdate","tsdatetime","areaid","tsvalue_ensemble_01","tsvalue_ensemble_02","tsvalue_ensemble_03","tsvalue_ensemble_04","tsvalue_ensemble_05","tsvalue_ensemble_06","tsvalue_ensemble_07","tsvalue_ensemble_08","tsvalue_ensemble_09","tsvalue_ensemble_10","tsvalue_ensemble_11","tsvalue_ensemble_12","tsvalue_ensemble_13","tsvalue_ensemble_14","tsvalue_ensemble_15","tsvalue_ensemble_16","tsvalue_ensemble_17","tsvalue_ensemble_18","tsvalue_ensemble_19","tsvalue_ensemble_20","tsvalue_ensemble_21","tsvalue_ensemble_22","tsvalue_ensemble_23","tsvalue_ensemble_24","tsvalue_ensemble_25","tsvalue_ensemble_26","tsvalue_ensemble_27","tsvalue_ensemble_28","tsvalue_ensemble_29","tsvalue_ensemble_30","tsvalue_ensemble_31","tsvalue_ensemble_32","tsvalue_ensemble_33","tsvalue_ensemble_34","tsvalue_ensemble_35","tsvalue_ensemble_36","tsvalue_ensemble_37","tsvalue_ensemble_38","tsvalue_ensemble_39","tsvalue_ensemble_40","tsvalue_ensemble_41","tsvalue_ensemble_42"
"predicted_dengue_incidence_lower_bound","20210701",2021-08-31,"alto paraguay",18.2644009552967,0,0,0,0,0,0,0,0,0,0,0,0,0,0,0,0,0,0,0,0,0,0,0,0,0,0,0,0,0,0,0,0,0,0,0,0,0,0,0,0,0
"predicted_dengue_incidence_lower_bound","20210701",2021-08-31,"alto parana",0,0,0,0,0,0,0,0,0,0,0,0,0,0,0,0,0,0,0,0,0,0,0,0,0,0,0,0,0,0,0,0,0,0,0,0,0,0,0,0,0,0
"predicted_dengue_incidence_lower_bound","20210701",2021-08-31,"amambay",0.00619785949185266,0.0172423990217399,0,0.0146442268267635,0,0.00313705660751737,0,0.0110346174936406,0.0260736238777899,0.0223335705513639,0.0565155836814828,0.0163702971198231,0.0225433318335238,0.0180180166359288,0.0322978378960471,0.0184092254452472,0.00426731392906065,0.0263350455307554,0.00663175994987002,0.0037755542944641,0,0,0.022557505545811,0.018831190404098,0.001189412929372,0.00883135218038946,0.0449600597481613,0,0.0435457960865474,0,0.0260230405170106,0,0,0,0.0508264404666485,0.00715008907850173,0.0118606533818805,0.0264408058499842,0.00654161368485124,0.0104904733638832,0.00115700102074793,0.0242973965880204
"predicted_dengue_incidence_lower_bound","20210701",2021-08-31,"asuncion",0.0685107270248056,0.101554142440648,0.0692240514467521,0.0785121056368483,0.0818101501010597,0.0665940044191059,0.0714790861119459,0.0750157628620019,0.106633846265654,0.100992726663013,0.110819865811596,0.0966076794517342,0.0727652751126405,0.0926766367488158,0.116893527588398,0.0956269065624848,0.0721393129336492,0.0940901455795085,0.0889255868442994,0.0747914724255576,0.0836001022116183,0.0669360050661922,0.0903692114754916,0.104726657599613,0.0782674741889354,0.100731918781396,0.107039722613189,0.061224592813487,0.11061418615788,0.0700305746289762,0.115714829857503,0.07301871800338,0.0527016784663506,0.073213059455545,0.0916141130772027,0.0839957064646081,0.0949532191951668,0.0990311814473982,0.0782762261439459,0.102585381602274,0.0738407337492853,0.0944312903644844
"predicted_dengue_incidence_lower_bound","20210701",2021-08-31,"boqueron",0,0,0,0,0,0,0,0,0,0,0,0,0,0,0,0,0,0,0,0,0,0,0,0,0,0,0,0,0,0,0,0,0,0,0,0,0,0,0,0,0,0
"predicted_dengue_incidence_lower_bound","20210701",2021-08-31,"caaguazu",0,0,0,0,0,0,0,0,0,0,0,0,0,0,0,0,0,0,0,0,0,0,0,0,0,0,0,0,0,0,0,0,0,0,0,0,0,0,0,0,0,0
"predicted_dengue_incidence_lower_bound","20210701",2021-08-31,"caazapa",0,0,0,0,0,0,0,0,0,0,0,0,0,0,0,0,0,0,0,0,0,0,0,0,0,0,0,0,0,0,0,0,0,0,0,0,0,0,0,0,0,0
"predicted_dengue_incidence_lower_bound","20210701",2021-08-31,"canindeyu",0,0,0,0,0,0,0,0,0,0,0,0,0,0,0,0,0,0,0,0,0,0,0,0,0,0,0,0,0,0,0,0,0,0,0,0,0,0,0,0,0,0
"predicted_dengue_incidence_lower_bound","20210701",2021-08-31,"central",0.0507278303461494,0,0,0,0,0,0,0,0,0,0,0,0,0,0,0,0,0,0,0,0,0,0,0,0,0,0,0,0,0,0,0,0,0,0,0,0,0,0,0,0,0
"predicted_dengue_incidence_lower_bound","20210701",2021-08-31,"concepcion",0.0292185296113072,0,0,0,0,0,0,0,0,0,0,0,0,0,0,0,0,0,0,0,0,0,0,0,0,0,0,0,0,0,0,0,0,0,0,0,0,0,0,0,0,0
"predicted_dengue_incidence_lower_bound","20210701",2021-08-31,"cordillera",0,0,0,0,0,0,0,0,0,0,0,0,0,0,0,0,0,0,0,0,0,0,0,0,0,0,0,0,0,0,0,0,0,0,0,0,0,0,0,0,0,0
"predicted_dengue_incidence_lower_bound","20210701",2021-08-31,"guaira",0.927423385547444,0,0,0,0,0,0,0,0,0,0,0,0,0,0,0,0,0,0,0,0,0,0,0,0,0,0,0,0,0,0,0,0,0,0,0,0,0,0,0,0,0
"predicted_dengue_incidence_lower_bound","20210701",2021-08-31,"itapua",0,0,0,0,0,0,0,0,0,0,0,0,0,0,0,0,0,0,0,0,0,0,0,0,0,0,0,0,0,0,0,0,0,0,0,0,0,0,0,0,0,0
"predicted_dengue_incidence_lower_bound","20210701",2021-08-31,"misiones",0,0,0,0,0,0,0,0,0,0,0,0,0,0,0,0,0,0,0,0,0,0,0,0,0,0,0,0,0,0,0,0,0,0,0,0,0,0,0,0,0,0
"predicted_dengue_incidence_lower_bound","20210701",2021-08-31,"neembucu",0,0,0,0,0,0,0,0,0,0,0,0,0,0,0,0,0,0,0,0,0,0,0,0,0,0,0,0,0,0,0,0,0,0,0,0,0,0,0,0,0,0
"predicted_dengue_incidence_lower_bound","20210701",2021-08-31,"paraguari",0.498745273045722,0,0,0,0,0,0,0,0,0,0,0,0,0,0,0,0,0,0,0,0,0,0,0,0,0,0,0,0,0,0,0,0,0,0,0,0,0,0,0,0,0
"predicted_dengue_incidence_lower_bound","20210701",2021-08-31,"presidente hayes",1.62294879957374,0,0,0,0,0,0,0,0,0,0,0,0,0,0,0,0,0,0,0,0,0,0,0,0,0,0,0,0,0,0,0,0,0,0,0,0,0,0,0,0,0
"predicted_dengue_incidence_lower_bound","20210701",2021-08-31,"san pedro",0,0,0,0,0,0,0,0,0,0,0,0,0,0,0,0,0,0,0,0,0,0,0,0,0,0,0,0,0,0,0,0,0,0,0,0,0,0,0,0,0,0
"predicted_dengue_incidence_lower_bound","20210701",2021-09-30,"alto paraguay",0.229251955184545,0.225045859135852,0.199664825655093,0.260214858204968,0.182260936939108,0.189824279064728,0.201133926019822,0.168266496382189,0.205105275758101,0.239252640220036,0.185947444900877,0.182590512571331,0.247258032395868,0.253466184198391,0.203788501390148,0.183773419252402,0.216151458782405,0.177980025200569,0.227395730540946,0.206766858236966,0.192496337633449,0.207501064568508,0.221305183507699,0.227880787287529,0.206274428592616,0.198849718577814,0.223512361296421,0.192224613919508,0.229299030693044,0.176122655792258,0.200791108909047,0.197373533406011,0.181288110013862,0.187506097358619,0.20725430509801,0.202930109549581,0.200101433741762,0.18224143200751,0.227361776345289,0.175292093898649,0.185386782397507,0.251801759098037
"predicted_dengue_incidence_lower_bound","20210701",2021-09-30,"alto parana",0,0,0.0109129743085092,0.046057296320304,0.0184144072810713,0,0.00640714448026433,0,0.0172054333478218,0.0124898769633603,0.0283734722292133,0.0115836837965562,0.0254185943417617,0,0.0372122887906405,0,0.0221092558679209,0,0.00886266068095903,0,0,0,0.00760140207028981,0.0160184212499194,0,0.0204141119200034,0.00491083897599985,0.0198744228528449,0.0458089488624951,0.018390038211196,0.0520275818542204,0,0.030565738780525,0,0.0334272195733295,0.0508518742622426,0.035736643341229,0.00822030055948893,0.0375960257403994,0.0347079771772135,0.00482250330996916,0.0506469239687126
"predicted_dengue_incidence_lower_bound","20210701",2021-09-30,"amambay",0.145886550435526,0.131845573982526,0.14266192223925,0.170580157306931,0.138191668915941,0.143045209664673,0.147080182426813,0.121767298091173,0.160442015400708,0.174874852675858,0.183161473837519,0.148199189489452,0.184653860877248,0.13322631224623,0.155874129752415,0.132232520090934,0.169978259618173,0.112334548554071,0.161241366923442,0.13853640052367,0.128484058625928,0.123998941912106,0.164150473731251,0.159962707102038,0.157599286417984,0.150891257567887,0.147519109163515,0.166461487559073,0.195018969520681,0.134218459334854,0.186387863938009,0.118981803351636,0.146895926695031,0.131990540570093,0.178184360128628,0.17244611243025,0.159724869723233,0.135890938038686,0.182433038033111,0.156270193015835,0.138715092153615,0.200635546442898
"predicted_dengue_incidence_lower_bound","20210701",2021-09-30,"asuncion",0.268789424572871,0.274649243507617,0.292346354890619,0.301716290130075,0.28228119495844,0.278372891951775,0.300634755851986,0.250475767487173,0.295921842341217,0.316456257747375,0.301190822347509,0.262050898156487,0.319299368540117,0.303081823248327,0.287732916060158,0.247570599055364,0.284006206472619,0.23663106763837,0.295356954880077,0.287935907416705,0.266250620962089,0.271937093399143,0.283116671841687,0.319264053560876,0.247289188331786,0.298456832186267,0.268617041826882,0.280648049627735,0.296731846202437,0.28794910931843,0.328308662651257,0.243293448079771,0.271344348808398,0.229645925848,0.304168644289394,0.295305899401505,0.299497203510316,0.278790887526041,0.290974404105987,0.296937473920153,0.276513781347449,0.305302265078859
"predicted_dengue_incidence_lower_bound","20210701",2021-09-30,"boqueron",0,0,0,0,0,0,0,0,0,0,0,0,0,0,0,0,0,0,0,0,0,0,0,0,0,0,0,0,0,0,0,0,0,0,0,0,0,0,0,0,0,0
"predicted_dengue_incidence_lower_bound","20210701",2021-09-30,"caaguazu",0,0,0,0,0,0,0,0,0,0,0,0,0,0,0,0,0,0,0,0,0,0,0,0,0,0,0,0,0,0,0,0,0,0,0,0,0,0,0,0,0,0
"predicted_dengue_incidence_lower_bound","20210701",2021-09-30,"caazapa",0,0,0,0,0,0,0,0,0,0,0,0,0,0,0,0,0,0,0,0,0,0,0,0,0,0,0,0,0,0,0,0,0,0,0,0,0,0,0,0,0,0
"predicted_dengue_incidence_lower_bound","20210701",2021-09-30,"canindeyu",0,0,0,0,0,0,0,0,0,0,0,0,0,0,0,0,0,0,0,0,0,0,0,0,0,0,0,0,0,0,0,0,0,0,0,0,0,0,0,0,0,0
"predicted_dengue_incidence_lower_bound","20210701",2021-09-30,"central",0,0,0,0,0,0,0,0,0,0,0,0,0,0,0,0,0,0,0,0,0,0,0,0,0,0,0,0,0,0,0,0,0,0,0,0,0,0,0,0,0,0
"predicted_dengue_incidence_lower_bound","20210701",2021-09-30,"concepcion",0,0,0,0,0,0,0,0,0,0,0,0,0,0,0,0,0,0,0,0,0,0,0,0,0,0,0,0,0,0,0,0,0,0,0,0,0,0,0,0,0,0
"predicted_dengue_incidence_lower_bound","20210701",2021-09-30,"cordillera",0,0,0,0,0,0,0,0,0,0,0,0,0,0,0,0,0,0,0,0,0,0,0,0,0,0,0,0,0,0,0,0,0,0,0,0,0,0,0,0,0,0
"predicted_dengue_incidence_lower_bound","20210701",2021-09-30,"guaira",0,0,0,0,0,0,0,0,0,0,0,0,0,0,0,0,0,0,0,0,0,0,0,0,0,0,0,0,0,0,0,0,0,0,0,0,0,0,0,0,0,0
"predicted_dengue_incidence_lower_bound","20210701",2021-09-30,"itapua",0,0,0,0,0,0,0,0,0,0,0,0,0,0,0,0,0,0,0,0,0,0,0,0,0,0,0,0,0,0,0,0,0,0,0,0,0,0,0,0,0,0
"predicted_dengue_incidence_lower_bound","20210701",2021-09-30,"misiones",0,0,0,0,0,0,0,0,0,0,0,0,0,0,0,0,0,0,0,0,0,0,0,0,0,0,0,0,0,0,0,0,0,0,0,0,0,0,0,0,0,0
"predicted_dengue_incidence_lower_bound","20210701",2021-09-30,"neembucu",0,0,0,0,0,0,0,0,0,0,0,0,0,0,0,0,0,0,0,0,0,0,0,0,0,0,0,0,0,0,0,0,0,0,0,0,0,0,0,0,0,0
"predicted_dengue_incidence_lower_bound","20210701",2021-09-30,"paraguari",0,0,0,0,0,0,0,0,0,0,0,0,0,0,0,0,0,0,0,0,0,0,0,0,0,0,0,0,0,0,0,0,0,0,0,0,0,0,0,0,0,0
"predicted_dengue_incidence_lower_bound","20210701",2021-09-30,"presidente hayes",0,0,0,0,0,0,0,0,0,0,0,0,0,0,0,0,0,0,0,0,0,0,0,0,0,0,0,0,0,0,0,0,0,0,0,0,0,0,0,0,0,0
"predicted_dengue_incidence_lower_bound","20210701",2021-09-30,"san pedro",0,0,0,0,0,0,0,0,0,0,0,0,0,0,0,0,0,0,0,0,0,0,0,0,0,0,0,0,0,0,0,0,0,0,0,0,0,0,0,0,0,0
"predicted_dengue_incidence_lower_bound","20210701",2021-10-31,"alto paraguay",0.56424270739067,0.583888424978979,0.567129236798172,0.633515498382108,0.59410244608835,0.518317628789583,0.542840241050818,0.580396768536328,0.579621541744769,0.593396766672682,0.537760490425975,0.537376467679373,0.602452992024306,0.587139936921219,0.569968467428016,0.545203439433283,0.526393127318341,0.485288443357722,0.563432368559117,0.577174387335058,0.562235183393586,0.63251676041804,0.612955731873739,0.562668931037085,0.549027487951058,0.558943749679351,0.582487083015633,0.536840288479943,0.605106751253931,0.542828616999409,0.562005800534951,0.532796838880903,0.59314971180307,0.500042498037812,0.61549861022869,0.593636004188394,0.545638422305448,0.521181915948807,0.583921698365891,0.526487921530669,0.594284278944714,0.64127828797945
"predicted_dengue_incidence_lower_bound","20210701",2021-10-31,"alto parana",0.286815436223225,0.293969258865322,0.3950869699699,0.365943352132455,0.338042039833322,0.38615016138422,0.354246824687463,0.309122906941887,0.342555499811871,0.327911919481365,0.346620663862406,0.319448959753181,0.363182294980821,0.332255922880726,0.382802968496089,0.313939644997183,0.348314218872999,0.310571499273175,0.30731232761535,0.298288899652133,0.310255657032772,0.34019690823628,0.325053081886988,0.343703074642509,0.295290165677859,0.382594622407726,0.336174439369583,0.305994147286807,0.345961571544131,0.389012740776853,0.362748590848781,0.335635466110599,0.373626692360027,0.317507122530194,0.357623193201334,0.420502378885264,0.33753514691771,0.397308451490501,0.318023088328244,0.38666571707384,0.318724193483153,0.379475793026957
"predicted_dengue_incidence_lower_bound","20210701",2021-10-31,"amambay",0.191728979508985,0.196517134493938,0.207258345959199,0.256698191500858,0.227311839760716,0.217596733322926,0.194597213049997,0.189577496499813,0.217735006615709,0.224823947660464,0.231648327515593,0.183926799038535,0.25028188487225,0.204016664564185,0.208457667642537,0.210132109091444,0.21719474998003,0.187684810497503,0.200152741095097,0.199688497088522,0.196547935397006,0.250007191110711,0.214687191274821,0.215564906173612,0.193561377809635,0.214085783624894,0.228602230656519,0.202461952429288,0.256330494869402,0.228574497209452,0.225760012720094,0.164645250584638,0.207000932953226,0.179881166581882,0.266700533646523,0.251519721868842,0.197759549305022,0.22556401388298,0.203684592666144,0.205499443583041,0.203461439416917,0.261038543928166
"predicted_dengue_incidence_lower_bound","20210701",2021-10-31,"asuncion",0.6479661533128,0.685624997027304,0.756855457180653,0.757381322123883,0.672960997026094,0.703913848358816,0.735415019847522,0.65175686781557,0.693925395586597,0.704800502988123,0.668579958270551,0.64301949768805,0.749903384756478,0.710554822791745,0.740221744933085,0.647022124000486,0.640204425828168,0.619422657655592,0.679587994284319,0.682827651634257,0.654575243612798,0.75306980788748,0.699648579898904,0.744811653937804,0.619202228699626,0.719125955521275,0.695994142153794,0.654281162680745,0.730610979893645,0.736827780010982,0.679126384336855,0.617307443753815,0.680269928953579,0.612508176101007,0.704906951735931,0.721774094072515,0.676257329188249,0.75316715938526,0.647146123769615,0.703544516707789,0.665627387198541,0.746075110158398
"predicted_dengue_incidence_lower_bound","20210701",2021-10-31,"boqueron",0.0976406483189886,0.133449536617613,0.12400364303534,0.168096395918182,0.116092548461497,0.0857585139010406,0.100633929132413,0.10692158245893,0.112121737694729,0.132823609915451,0.0871093225398047,0.0916259234999079,0.123584877834458,0.1414878407159,0.0958439363635587,0.093127068330515,0.0815390968811129,0.0596404205142988,0.11332575459946,0.108974612137578,0.0974832345161172,0.145487083773473,0.11878774881416,0.103771897318768,0.0941979318358075,0.112478109539608,0.104550191911532,0.096260365468807,0.131163705398161,0.100666757102896,0.0960187034915371,0.080512787699866,0.126452292188466,0.0556693079037989,0.14315848805677,0.137812336304729,0.108594411679799,0.103832432655398,0.117346965724615,0.0916976864120875,0.148177786500573,0.17074252225622
"predicted_dengue_incidence_lower_bound","20210701",2021-10-31,"caaguazu",0,0,0,0,0,0,0,0,0,0,0,0,0,0,0,0,0,0,0,0,0,0,0,0,0,0,0,0,0,0,0,0,0,0,0,0,0,0,0,0,0,0
"predicted_dengue_incidence_lower_bound","20210701",2021-10-31,"caazapa",0,0,0.0345946698630724,0.0158991416077905,0,0.0246333228784262,0.0151914425390476,0,0,0,0,0,0,0,0.0203154571387261,0,0,0,0,0,0,0.0140671399308304,0,0,0,0.0236096731966369,0,0,0,0.0253198506213643,0,0,0.0144338716003783,0,0.00317573453241482,0.0481734003919378,0,0.0326599946683966,0,0.011869849540538,0,0.0153646260275672
"predicted_dengue_incidence_lower_bound","20210701",2021-10-31,"canindeyu",0,0,0,0,0,0,0,0,0,0,0,0,0,0,0,0,0,0,0,0,0,0,0,0,0,0,0,0,0,0,0,0,0,0,0,0,0,0,0,0,0,0
"predicted_dengue_incidence_lower_bound","20210701",2021-10-31,"central",0.119287265427103,0.120821535497454,0.189033056509951,0.193909310639691,0.129006604869528,0.159437066613099,0.168889311943484,0.108447323705888,0.150183177344169,0.157293656874067,0.12964240043414,0.118868014082299,0.168459865607056,0.158726613449727,0.172953483905185,0.113438004049302,0.127239505483835,0.111085316338023,0.137624165196799,0.132507692095082,0.131152485015946,0.184718818017311,0.146707929514372,0.179400933094826,0.0946709379002357,0.177600129771775,0.152755596750128,0.115272656366966,0.161145783694019,0.159038909117958,0.144294087201093,0.114428000958685,0.147375062818307,0.106968336220813,0.158883882700375,0.170097742643593,0.131802403119921,0.178848914089445,0.114144454795085,0.164782881497589,0.132632918487369,0.167894505279344
"predicted_dengue_incidence_lower_bound","20210701",2021-10-31,"concepcion",0,0,0,0.00716887568353763,0,0,0,0,0,0,0,0,0,0,0,0,0,0,0,0,0,0,0,0,0,0,0,0,0,0,0,0,0,0,0,0,0,0,0,0,0,0
"predicted_dengue_incidence_lower_bound","20210701",2021-10-31,"cordillera",0,0,0,0,0,0,0,0,0,0,0,0,0,0,0,0,0,0,0,0,0,0,0,0,0,0,0,0,0,0,0,0,0,0,0,0,0,0,0,0,0,0
"predicted_dengue_incidence_lower_bound","20210701",2021-10-31,"guaira",0,0,0,0,0,0,0,0,0,0,0,0,0,0,0,0,0,0,0,0,0,0,0,0,0,0,0,0,0,0,0,0,0,0,0,0,0,0,0,0,0,0
"predicted_dengue_incidence_lower_bound","20210701",2021-10-31,"itapua",0,0,0,0,0,0,0,0,0,0,0,0,0,0,0,0,0,0,0,0,0,0,0,0,0,0,0,0,0,0,0,0,0,0,0,0,0,0,0,0,0,0
"predicted_dengue_incidence_lower_bound","20210701",2021-10-31,"misiones",0,0,0,0,0,0,0,0,0,0,0,0,0,0,0,0,0,0,0,0,0,0,0,0,0,0,0,0,0,0,0,0,0,0,0,0,0,0,0,0,0,0
"predicted_dengue_incidence_lower_bound","20210701",2021-10-31,"neembucu",0,0,0,0,0,0,0,0,0,0,0,0,0,0,0,0,0,0,0,0,0,0,0,0.00711453742809494,0,0.0189288009240575,0,0,0,0,0,0,0,0,0,0,0,0,0,0,0,0
"predicted_dengue_incidence_lower_bound","20210701",2021-10-31,"paraguari",0,0,0,0,0,0,0,0,0,0,0,0,0,0,0,0,0,0,0,0,0,0,0,0,0,0,0,0,0,0,0,0,0,0,0,0,0,0,0,0,0,0
"predicted_dengue_incidence_lower_bound","20210701",2021-10-31,"presidente hayes",0,0,0,0,0,0,0,0,0,0,0,0,0,0,0,0,0,0,0,0,0,0,0,0,0,0,0,0,0,0,0,0,0,0,0,0,0,0,0,0,0,0
"predicted_dengue_incidence_lower_bound","20210701",2021-10-31,"san pedro",0.0266358177479383,0.029737959856167,0.0664351666238834,0.0924595012872818,0.0585545642119542,0.0607585527646505,0.0689102403362377,0.02715182375288,0.053419716237324,0.0640103025282751,0.0660969697565869,0.0291116463994255,0.0949453675913014,0.0476571705262356,0.0785086809051563,0.0381738780909422,0.0372889389180645,0.0095519508072825,0.0522241167187358,0.0453942818456696,0.047655246202088,0.0826041013914759,0.0637732998379812,0.066330001813693,0.0391015405384307,0.0774055874691187,0.0606769072494543,0.0476045678383888,0.0923573892454334,0.0841052910568177,0.0694297311611985,0.017880620080357,0.047691817553807,0.018770897732456,0.0913633880258405,0.0900659749421024,0.0570914762914603,0.0795515452847944,0.0267295053764323,0.0576754718764111,0.0259029838160952,0.0923958393987799
"predicted_dengue_incidence_lower_bound","20210701",2021-11-30,"alto paraguay",0.737720737174139,0.717483106765702,0.709617030805688,0.731547477393515,0.723010570726153,0.692656984446261,0.631838948609698,0.699198448031756,0.709403912637791,0.676606586157052,0.62545991857399,0.644977517101722,0.704024159090005,0.749577942680277,0.660893800326723,0.62074098629003,0.694648559381097,0.736250277008123,0.698196402813522,0.727041915984274,0.679811398683452,0.707458363898841,0.653066223454319,0.673709419959931,0.727667634659604,0.731901143242332,0.761699469880334,0.681579056684724,0.747196274396284,0.651917656057455,0.736214348039718,0.706917065110129,0.662275037785674,0.649034921994417,0.70280925549273,0.70196611020146,0.720192668644725,0.712577847100835,0.653112225637272,0.639665571581635,0.634047750840115,0.701342648109771
"predicted_dengue_incidence_lower_bound","20210701",2021-11-30,"alto parana",0.378191957741733,0.389868857197914,0.465153909546038,0.395130780621639,0.3956859966348,0.453802220924307,0.432996434407835,0.382927411258582,0.41070265627366,0.427181216654463,0.355305914489907,0.400320465825146,0.424383424688635,0.425158044317141,0.423747464533012,0.398708766763955,0.483942178501713,0.454213219365379,0.380027146567816,0.445010806092661,0.424828026944705,0.440352018848219,0.437822032381184,0.430404127761881,0.389168371156996,0.49647265830697,0.377052473490518,0.433240913257197,0.368450567618394,0.441426149248249,0.43341358448133,0.457790507721282,0.46938203696479,0.422333241404155,0.393331520162255,0.467342344708017,0.420024532982253,0.441662239398123,0.383516042260534,0.434709251409217,0.351101223885656,0.433253507719422
"predicted_dengue_incidence_lower_bound","20210701",2021-11-30,"amambay",0.257664877721406,0.236052159026321,0.272149490973108,0.25618021491224,0.202174643238258,0.230713678067696,0.228922417296839,0.257343334691766,0.237664740253054,0.243314242470763,0.215428498873738,0.216240763605963,0.241320724786097,0.240681327293204,0.22267532395349,0.220550280708368,0.273480563645282,0.248857677136728,0.213616408350727,0.269540140900268,0.249874261187499,0.234378914816906,0.215501081289649,0.213168158691957,0.243424801045767,0.254796210088411,0.244021223949133,0.253288883993521,0.251918771365055,0.218370951925403,0.256068914325049,0.271175652125676,0.252246049118638,0.227563095688594,0.234196321801547,0.271162242267564,0.243312768360362,0.262001612204782,0.241032041482132,0.216176497605828,0.173882028768081,0.232937471820549
"predicted_dengue_incidence_lower_bound","20210701",2021-11-30,"asuncion",1.68911092208692,1.71007958809948,1.83518026632193,1.74977783784257,1.64926927760699,1.74792922520307,1.7604242409544,1.60234935749011,1.6970480746248,1.7797484470311,1.59652126167627,1.7467555088989,1.74935443910315,1.731344284398,1.70918240333448,1.57578913315109,1.79350611026443,1.73041238877877,1.70340224452278,1.82125433378195,1.6985924659992,1.81210044598461,1.73350841291858,1.76569748065664,1.65704980767457,1.74305181102493,1.66075603972328,1.64732739964829,1.6960990438123,1.68440877560698,1.77500634361312,1.7877249308532,1.67524785918275,1.69584021608556,1.699419309066,1.73113744071876,1.71513193669326,1.81931306438581,1.60466719745357,1.67646759749119,1.53548218080619,1.78113216372801
"predicted_dengue_incidence_lower_bound","20210701",2021-11-30,"boqueron",0.42089479989132,0.421545933123783,0.423465272973787,0.431722763520539,0.408928760636046,0.41587488149659,0.350955609832611,0.39565889961574,0.401436855332562,0.396715706216019,0.354816486868228,0.38570971528561,0.40058851953711,0.461250436515424,0.360949323894163,0.353442485524656,0.430074794594852,0.43490317909162,0.438406707515012,0.393585749744481,0.391603313107046,0.401769787335256,0.35970897689829,0.384627650644028,0.416662449212375,0.419936123556168,0.455218276311121,0.385448537128108,0.430982156890245,0.371983731894272,0.437393243327617,0.437278971068712,0.377842547129928,0.375861452487534,0.425352156713617,0.420448002288417,0.412340464798433,0.434054447270876,0.379067340529392,0.354411806511382,0.379338418250075,0.450134141315786
"predicted_dengue_incidence_lower_bound","20210701",2021-11-30,"caaguazu",0.106285943406173,0.113366774976512,0.150573840144831,0.119952119696277,0.106690650668302,0.160118383623088,0.142879440266018,0.110308502294354,0.136563962996833,0.136911991150309,0.0853944168891837,0.120406752354719,0.135838217320458,0.146800110231185,0.133368142051768,0.115882141799782,0.169662520561916,0.159977976853756,0.124722325990404,0.153004984105698,0.149125977715574,0.167727188884422,0.139552457135546,0.138976990021787,0.107944284311572,0.186963471256967,0.109687013487053,0.137922409462251,0.111465347240795,0.140719485322824,0.142334842993385,0.168163342699034,0.164963973047797,0.129680940617552,0.117781079355877,0.174552444546267,0.139597343873634,0.165893592977563,0.0818846987668606,0.146597675117633,0.0680737843416778,0.155403514822307
"predicted_dengue_incidence_lower_bound","20210701",2021-11-30,"caazapa",0.221125303852201,0.218249175155059,0.273234819819555,0.220131508997093,0.217317623757395,0.276615552921576,0.256068836299962,0.185263325250274,0.231308877665877,0.259908318961654,0.174118980832997,0.236582535236336,0.22412660209,0.229753074227138,0.243286561715649,0.211833152503041,0.276425317449869,0.25440376918449,0.198562153892769,0.242912887285569,0.23861666451226,0.274046591708626,0.246869363105712,0.258175611577021,0.20933050560574,0.298114649455331,0.207811175743209,0.222915643568599,0.200996458392347,0.233652122431416,0.24204335663052,0.264274409284364,0.263888861550856,0.24273359988827,0.214794182774597,0.268661465157721,0.215888730939132,0.263296666783145,0.182173403956145,0.244890927638133,0.185391896474648,0.255180842228412
"predicted_dengue_incidence_lower_bound","20210701",2021-11-30,"canindeyu",0,0,0,0,0,0,0,0,0,0,0,0,0,0,0,0,0,0,0,0,0,0,0,0,0,0,0,0,0,0,0,0,0,0,0,0,0,0,0,0,0,0
"predicted_dengue_incidence_lower_bound","20210701",2021-11-30,"central",0.555072215088047,0.561368877466796,0.636805489725304,0.605800442238268,0.553763978769675,0.605003758778654,0.617288653011822,0.508973017532066,0.564621558906274,0.629864077989863,0.503714551817277,0.606148991762145,0.591566837196976,0.579103956920107,0.579502031633857,0.515026033473772,0.608365018612354,0.577387731795466,0.587824183495835,0.620825271010253,0.579241846496083,0.636898170141736,0.621071414775154,0.622639359720863,0.553749588219967,0.63221609057667,0.552564513122066,0.564992495345526,0.556098603958819,0.572224419475268,0.613514775838841,0.60769544865752,0.561450382459501,0.578634061385872,0.560790998482235,0.604344773833552,0.563963514053204,0.634907030091948,0.506662855255689,0.583880845911997,0.503642147343513,0.624445243470534
"predicted_dengue_incidence_lower_bound","20210701",2021-11-30,"concepcion",0.106192560341487,0.0994079803259336,0.140935362734879,0.131587688403205,0.0654969878823815,0.0939098835284574,0.0922715253572139,0.121358583218766,0.10715705526634,0.101823480433784,0.0537732480446665,0.0958359086984809,0.100475022022569,0.0952498449288305,0.0883577311236315,0.0603437665418488,0.122623484345601,0.0995959517748979,0.0902167386173306,0.149786541447102,0.113907360665193,0.113370928624779,0.0707640488868356,0.0848184852606484,0.122221161178986,0.120690448411223,0.0928296145694331,0.117863365324694,0.0980934491293628,0.081367261970974,0.134504116338236,0.1122074614391,0.0972977050437184,0.0895124485022593,0.1023783347857,0.128554274514812,0.101080315028619,0.1448168452452,0.0799837045360922,0.0780302714813689,0.0314373685821001,0.112544900322016
"predicted_dengue_incidence_lower_bound","20210701",2021-11-30,"cordillera",0.048979528683425,0.0602611364970797,0.0922847134133291,0.0830031582759037,0.0460487047105977,0.0867554668035151,0.081754509310175,0.0394588633413911,0.0596657274600506,0.0794661341913591,0.0295074317296415,0.0650923512352932,0.0693476713056385,0.0732499967190846,0.059853794357771,0.0439223112011765,0.094106243353479,0.0790658122502458,0.0677268788929282,0.0928993679612628,0.0684199388331541,0.103260543752454,0.0834172155379223,0.077177687939048,0.0522216421543599,0.100637318605442,0.0503477312218627,0.0628490152340679,0.0601408616784314,0.0645439996234169,0.0800646341272912,0.0979702459845458,0.0715039021314085,0.0618941788076902,0.0626967275998879,0.0917643773611631,0.0692574450872601,0.0996233480555043,0.0228951481282318,0.0686049910907002,0.0160401990056812,0.0863152431957807
"predicted_dengue_incidence_lower_bound","20210701",2021-11-30,"guaira",0,0,0.0178971520181344,0,0,0.015297687561952,0.00051003374649027,0,0,0.0134925326485159,0,0,0,0,0,0,0.0196411225500059,0,0,0,0,0.0157559235387516,0.00357920652485287,0.00994927611752542,0,0.024582282258568,0,0,0,0,0,0.00520987131852535,0,0,0,0.00804457630297319,0,0.00697987002456752,0,0,0,0.00232841702296105
"predicted_dengue_incidence_lower_bound","20210701",2021-11-30,"itapua",0,0,0.0115675215984412,0,0,0.0298328094032034,0,0,0,0.0182248476909658,0,0,0,0,0,0,0.0292056688660168,0.00322486735182181,0,0.00123602234400577,0,0,0.0035488220524693,0.0150630086175863,0,0.0411525189536391,0,0,0,0,0.0172877312733729,0.00377505939971723,0,0.00508329522736522,0,0.00846917134514569,0,0.00339571910311252,0,0.0156674896336682,0,0.00951563864137577
"predicted_dengue_incidence_lower_bound","20210701",2021-11-30,"misiones",0,0,0,0,0,0,0,0,0,0,0,0,0,0,0,0,0,0,0,0,0,0,0,0,0,0.0077122885056992,0,0,0,0,0,0,0,0,0,0,0,0,0,0,0,0
"predicted_dengue_incidence_lower_bound","20210701",2021-11-30,"neembucu",0.00370655443586478,0.0148679563953725,0.00860701711667859,0.00122228608651068,0.0167783874756249,0.0163873725346728,0.0037158438456417,0,0.0106128573284402,0.0337775144100705,0,0.0145781928541088,0.00740420131376315,0.0241193761080914,0,0,0.013078440743272,0.00749429637961723,0,0.0554715378091083,0,0.00820323265652455,0.0407410695706813,0.0389516446836664,0,0.063537753797541,0,0,0.00109338859533021,0,0.0462996930313072,0.0152084061173413,0,0.00543959659198954,0,0.00260852038888744,0,0.0419701581014092,0,0.0220858872912039,0,0.03673320007122
"predicted_dengue_incidence_lower_bound","20210701",2021-11-30,"paraguari",0.00379667458218137,0.0029435163816417,0.0659575832245248,0.0323871065694897,0.00856199012009567,0.052873664531351,0.0516248705624775,0,0.00980905894963798,0.0578053121955133,0,0.0376366332369797,0.016110128912276,0.0109037704513266,0.027884181144235,0,0.0489870400450678,0.0225213309050716,0.00305085869188929,0.0333232504373479,0.0207696039498492,0.0633935686922193,0.0496977542361129,0.0549165278970803,0.00977645488195457,0.0583558433033841,0,0,0,0.0137474008736023,0.0374427419022534,0.0366666006335987,0.0188596433490636,0.0271978129032451,0.0144987828490426,0.0393777268099327,0,0.0524593786684552,0,0.0253355717499535,0,0.0414796632082405
"predicted_dengue_incidence_lower_bound","20210701",2021-11-30,"presidente hayes",0.14335367253817,0.140719484631385,0.192815758783551,0.182649701219666,0.123295029411364,0.138238562588562,0.135010724260107,0.134441705784412,0.138817032382677,0.146163817927689,0.0934887643375491,0.156313905416655,0.154839106491028,0.164574926972315,0.129858989568945,0.0959930695252505,0.165852396420213,0.146119795592605,0.152400187207034,0.1807655319535,0.147244660643203,0.169862209334586,0.137479905826757,0.153939260801204,0.147243931059307,0.161401688002301,0.137444586142091,0.133650579121134,0.134861959868951,0.134907728627218,0.173084835303375,0.166218548170943,0.13289940335004,0.120402814062764,0.146742095783209,0.151284334482743,0.139742352904643,0.193385116715715,0.111162710960984,0.121301861633131,0.100401998909808,0.184777237601048
"predicted_dengue_incidence_lower_bound","20210701",2021-11-30,"san pedro",0.177636536204258,0.180517955115614,0.230699900377059,0.22169923953228,0.173382639153345,0.20424860183489,0.20232898655369,0.200050549216968,0.200038949092489,0.193903658662811,0.166115485582248,0.190542105984387,0.20230088827828,0.209422944153841,0.185315163012509,0.182522920477838,0.226098275548689,0.209394255481078,0.194594770521942,0.238652730093135,0.212701390556766,0.22725841814577,0.192218786737828,0.192401877338685,0.19954760651174,0.236816829853908,0.181630884695157,0.215448459577225,0.188998018547078,0.202523316217933,0.221214092724206,0.22623761323734,0.2013481925382,0.190259944808207,0.194709771777922,0.23288249687807,0.20652765753914,0.253660534139985,0.160022394636796,0.195587709715159,0.139134623361508,0.218484171467135
"predicted_dengue_incidence_lower_bound","20210701",2021-12-31,"alto paraguay",1.05659001012399,1.12367957896443,1.19134903866177,1.10960940358227,1.11958056103041,1.07755126897209,1.04263257841225,1.09641235175164,1.12785681562173,1.01445987277915,0.971358595064201,1.19339436604211,1.09156440819076,1.14794170596271,1.06471557621635,1.0399234035715,1.05797159934625,1.15347044460837,1.05846727150398,1.14105683759118,1.13195043816679,1.08406410833189,1.06923842581424,1.12254878499895,1.12323889576507,1.10761106598127,1.2287133701157,1.08410268238335,1.04056700430626,0.984768053414918,1.07342502367353,1.11776537269592,1.12870990473613,0.981108759774509,1.07192642454384,1.0348701498754,0.981255514324087,1.1855755902166,1.08725525664385,1.02941003979682,1.03974284534694,1.09128065237882
"predicted_dengue_incidence_lower_bound","20210701",2021-12-31,"alto parana",0.463003067949889,0.409584655438837,0.476719205706373,0.430363620821861,0.404277814166379,0.468726998662498,0.45006760329898,0.39967432141478,0.399576028001433,0.459667482385304,0.408325427973458,0.435374643951595,0.428413928770725,0.446146075462693,0.463565480217653,0.518391851525461,0.429028920609207,0.464308745497958,0.405242802978397,0.487215191271754,0.442508855718542,0.551586602546137,0.43920133049613,0.470993512849813,0.421420229980739,0.458532006846011,0.413952405823334,0.417273522573163,0.379068781673978,0.445727853845539,0.441325753167495,0.44253144108622,0.397731165940189,0.452771622495133,0.397737349618045,0.457085884362557,0.392734214364961,0.464283183928879,0.372712663287104,0.433567252853731,0.429043640132733,0.481337485224484
"predicted_dengue_incidence_lower_bound","20210701",2021-12-31,"amambay",0.37146928341101,0.380134764014823,0.405137119023272,0.394947418703599,0.329778279379247,0.342520496080967,0.359509236536346,0.385740778778821,0.368009640612958,0.353837480550896,0.33392900143839,0.391993294160988,0.371248768583987,0.368682098185116,0.371175999820851,0.426655476880804,0.347319290136562,0.35061733273397,0.336389186204788,0.378595014229916,0.36711336452195,0.381811987586451,0.357751168622499,0.357686692754532,0.386016685721415,0.360994967948008,0.339008422198134,0.363510482041902,0.305762776097218,0.335608226828044,0.394659790976195,0.393451278992716,0.343456096557447,0.319654539424178,0.336071555936695,0.367079672803723,0.340120133260772,0.470899019935051,0.343131793131801,0.318688351303953,0.315805399631648,0.369119410872021
"predicted_dengue_incidence_lower_bound","20210701",2021-12-31,"asuncion",3.57474952023964,3.47154894916511,3.86366280287845,3.71384874843174,3.47904728005342,3.68032882032891,3.65835344475371,3.54100129952693,3.49425869229585,3.70021070148109,3.48992943806866,3.76582658260994,3.66053992468649,3.57199105206064,3.62517292735888,3.72111378479215,3.51363048373234,3.58366883692407,3.6089463271956,3.71873156606307,3.68878874084295,3.96474740651305,3.55910103951539,3.78340126379902,3.55244973997861,3.49531505716558,3.67133255954538,3.30067917934434,3.51157685055821,3.52438869455992,3.60501726069698,3.56149053247919,3.44130372019775,3.51785101349037,3.62862139416468,3.54522809059702,3.33618494942689,3.83492967524026,3.44200817042735,3.33176547066381,3.54144625475285,3.71885959475573
"predicted_dengue_incidence_lower_bound","20210701",2021-12-31,"boqueron",0.78629274992272,0.787772303942353,0.900928122211223,0.796080463570813,0.800454877187606,0.84785526411077,0.788731016886504,0.805608040200536,0.823569563895086,0.802636542995031,0.733779475933221,0.886970451320534,0.830182865576424,0.852214330916988,0.777644437726761,0.794550015084806,0.806773619211789,0.891883757986044,0.845887218258674,0.833424846771375,0.852109421264692,0.834354361487475,0.762759989071388,0.817478161369729,0.808962747275687,0.768790976334947,0.911056037389655,0.754571959161046,0.798199273579707,0.758521085898162,0.840539571639745,0.875273710644285,0.826969429548442,0.737857005634246,0.82180756581222,0.79402759227332,0.668317516047174,0.898665067346428,0.796069055323405,0.761915654266774,0.817703468463027,0.854911177478692
"predicted_dengue_incidence_lower_bound","20210701",2021-12-31,"caaguazu",0.325069864932817,0.279452452677386,0.350802102483426,0.337147537957108,0.285474478277658,0.350735495456369,0.348717888881557,0.306153720071468,0.312636351833686,0.342150671753775,0.288804906104693,0.323615998068346,0.329295338728026,0.350233847051569,0.342933378132881,0.419368748393308,0.301368833965215,0.342921994923546,0.315401271016518,0.379085482615794,0.353612910948998,0.447867423600681,0.314479636451823,0.352508400956967,0.313100714992108,0.36584264006125,0.303668114923869,0.306731648759669,0.273136302036848,0.32153807124859,0.331723407208237,0.331717566815656,0.28368158931571,0.322464201395192,0.306646033852598,0.341563790271244,0.278604802357261,0.384176507994031,0.26926348023122,0.295060816294028,0.295068895722397,0.35883795442004
"predicted_dengue_incidence_lower_bound","20210701",2021-12-31,"caazapa",0.573728296043109,0.487611278265502,0.602086739504783,0.548554493865722,0.51523654905527,0.604658652871261,0.58711239208661,0.477178901065999,0.488106189274098,0.586451760418264,0.501815539580528,0.568971022778512,0.516554306909147,0.544090941718173,0.564614523802332,0.650919586574738,0.525427807831032,0.548238751312934,0.505767246984973,0.596955364747481,0.563742154586324,0.685527275587313,0.555071057128083,0.604257330529306,0.524003224277921,0.570747285905922,0.507021440798284,0.496369757775255,0.466842635718387,0.558578884758794,0.540407235562658,0.543839738265115,0.476074368980176,0.570580003423028,0.499719917620627,0.548811961552059,0.449559648934918,0.574856712855706,0.469124494453332,0.512610375085918,0.52650890058727,0.609387353207655
"predicted_dengue_incidence_lower_bound","20210701",2021-12-31,"canindeyu",0.0660075387489325,0.0334646398639155,0.0879769423038452,0.0542122542745255,0.0229852546252725,0.0319008882233954,0.0501257649085153,0.042578786072021,0.0475935717174934,0.0513762167679636,0.0373750195616435,0.0609142338697465,0.0495191234772975,0.0617721442112147,0.0690787422908904,0.12260790315975,0.0275446972102961,0.0506904486082411,0.0232864526803929,0.0810368744226059,0.0507437475585639,0.102933545048552,0.0420902996222345,0.049163364937164,0.0548051021875307,0.0439363987304306,0.03454800555198,0.0409741745557913,0.00469021081083992,0.0367472558881242,0.0813874778690993,0.0657988054754474,0.0259191289078957,0.0364870545396103,0.0235539553463602,0.0562149983907867,0.0338809064582902,0.124279041483248,0.0132685824048404,0.0355330280733561,0.0352623340341887,0.0680432858430627
"predicted_dengue_incidence_lower_bound","20210701",2021-12-31,"central",1.16781788968698,1.11520923530288,1.25848143523976,1.20703332599969,1.12769153270876,1.23739727058263,1.21730323209159,1.12938978003847,1.12347663669412,1.24458629552217,1.13451031228131,1.22929330644508,1.18949356710793,1.16898656040621,1.20158075685184,1.26415899229727,1.16467928153393,1.15603885444084,1.15975571948033,1.21463957939837,1.20262028540071,1.34752365706481,1.17367842426457,1.24401964917203,1.15576573441735,1.15684379486032,1.19852634600838,1.07264139118359,1.12357227653769,1.15723255865318,1.18187368292684,1.16015594909584,1.09820213154801,1.15196405466591,1.16181572879723,1.16348066596015,1.07466611310573,1.25005292392435,1.09977112518621,1.0941985471684,1.16060406714299,1.2464371360981
"predicted_dengue_incidence_lower_bound","20210701",2021-12-31,"concepcion",0.418608104018123,0.452394187060451,0.481017900142756,0.494743495753187,0.409469415680127,0.433082634323231,0.43026885143646,0.48920145997003,0.452939789775458,0.432174480320926,0.386697524480606,0.483297351737926,0.47157047146339,0.443654472519399,0.451680014730294,0.473340433353768,0.42572803016705,0.43838766525341,0.422461910379401,0.455822788508775,0.463177822396237,0.448509307273644,0.427265648808192,0.45217734849752,0.464780640372056,0.450369400902899,0.439136645892661,0.416941127823141,0.386717413897432,0.416855919403507,0.458637935395852,0.45335530631482,0.443585912774115,0.393827707536336,0.422145383825435,0.452884211542704,0.392589481203385,0.541290057751585,0.430837830869659,0.395480825285067,0.399887322954384,0.455627428558779
"predicted_dengue_incidence_lower_bound","20210701",2021-12-31,"cordillera",0.317387750278007,0.301209507513503,0.368404399660241,0.373924432499606,0.301807430093291,0.359694781618916,0.359670827455948,0.314250927747088,0.316486470683255,0.372367303885724,0.31499079355162,0.357940504930906,0.351932785058172,0.34082455341893,0.344951211061809,0.411906167644476,0.326657196402317,0.323433219485693,0.346242395432117,0.370970414590482,0.358032224986749,0.452248854361312,0.319728667319245,0.370636620555807,0.34034650033244,0.336638622248773,0.344494097802866,0.295255572282483,0.297251154578412,0.31999705009902,0.338582288035486,0.321488009939402,0.296379033759894,0.314393940669509,0.3279371263801,0.330444588179999,0.283186401614246,0.398904332266017,0.29403268787225,0.300067387510513,0.310719930617428,0.360394797304568
"predicted_dengue_incidence_lower_bound","20210701",2021-12-31,"guaira",0.162705147886828,0.119658490312875,0.2037849311287,0.160478153652978,0.129266431093146,0.198488202730107,0.184472059327463,0.11082351827083,0.120944306566456,0.185400757745863,0.136395639439859,0.181549250453321,0.143387794242512,0.151792017183461,0.171867970433145,0.226860196786358,0.148768271684032,0.144741369925541,0.137870076522057,0.179538026619267,0.167360947456734,0.271196335314594,0.164168236570839,0.201284972438603,0.142317351769158,0.154493308044335,0.151830735622504,0.109977888933924,0.110009601568687,0.152280534248109,0.157107723407115,0.152802538955979,0.110047057987063,0.167766065691684,0.135717293709885,0.15217123471278,0.10365952496229,0.176243006303281,0.108260329899156,0.1244396349181,0.144541832843081,0.191238509446989
"predicted_dengue_incidence_lower_bound","20210701",2021-12-31,"itapua",0.170450473932086,0.140621348253003,0.218331101385011,0.169695515410494,0.169957121755311,0.230090049333762,0.212093149377326,0.120127606430264,0.124871911441421,0.195519071363447,0.174609084059181,0.223427680938303,0.165136874445092,0.168615458136426,0.197054432786021,0.230590899994904,0.183854404844532,0.171417119116613,0.127796570247467,0.208489709404635,0.177151101962021,0.278120432133136,0.201619600662806,0.227252547255623,0.171455052346974,0.174514467878498,0.160413281999727,0.123504964063684,0.141618488958503,0.184741588583942,0.190817151280347,0.163360863550459,0.131650259935654,0.193508414014956,0.141108709790248,0.179428547806078,0.121444277345097,0.18150000390182,0.135057878377845,0.18727137073623,0.183854825719215,0.230655406396405
"predicted_dengue_incidence_lower_bound","20210701",2021-12-31,"misiones",0.118791222440481,0.0864273162332015,0.138002108005712,0.129247678787931,0.115089626921484,0.146476274404799,0.143559600565049,0.068857729691607,0.0755112921745021,0.162369893502958,0.108776250147351,0.172475187350473,0.100414106112632,0.115845959469003,0.131133153594407,0.181883410952261,0.11563511637927,0.0987014170903907,0.0967279472225105,0.158654253102072,0.115413240708968,0.219427500982639,0.149961191441112,0.178138039385511,0.108589412748236,0.145228128347015,0.111600798372348,0.0621659970463635,0.0893048716899122,0.132663605527348,0.126556442218403,0.108822810488135,0.082451708841476,0.134387314738314,0.0836702809308544,0.117510097037098,0.0565148171259238,0.125930279697209,0.0806108780864539,0.117339333461524,0.138507519838902,0.164521463222678
"predicted_dengue_incidence_lower_bound","20210701",2021-12-31,"neembucu",0.231093948347666,0.216872574715959,0.237571534158091,0.238151973447333,0.227759945430586,0.250523801794374,0.251292682102916,0.195416785468611,0.196268123648386,0.277012228786121,0.238536041867032,0.296387097447102,0.236189480541272,0.243469091095838,0.238678325439035,0.264165034708395,0.242013750903673,0.221688253866552,0.223453186596021,0.270695636398532,0.228695261157668,0.318914485731704,0.264276842417624,0.298256931577182,0.221678786031705,0.261787545903792,0.258233899664558,0.174549811878171,0.229648225475504,0.232737481499196,0.25035571771509,0.230663066170699,0.225403091506016,0.235545786065166,0.20473219341267,0.234044473713318,0.165348119887978,0.2550843541372,0.202815876623013,0.228062568410605,0.267557609828649,0.286266899007783
"predicted_dengue_incidence_lower_bound","20210701",2021-12-31,"paraguari",0.487578475793166,0.416460938460498,0.549008353597777,0.507410660561912,0.437678201205531,0.541379640126831,0.526835845647151,0.410312101097327,0.417182349974791,0.536977343857659,0.449818269259985,0.528031401444912,0.458665996898111,0.457534252228178,0.488927357736494,0.572810660275928,0.463828053080803,0.446099315271434,0.470714247657799,0.508596468619164,0.494371868713055,0.651207887133851,0.489382612357456,0.547420592833506,0.476806092789419,0.473486984802805,0.471947641313234,0.400039398582803,0.418954786884624,0.460784425323361,0.471310814779341,0.459721278412007,0.409143707818634,0.494020929509264,0.45148768868782,0.457017423588566,0.385794701327725,0.515276352804458,0.413363742564769,0.423939024037042,0.460009003457398,0.539967334371105
"predicted_dengue_incidence_lower_bound","20210701",2021-12-31,"presidente hayes",0.745376340944676,0.732450221189566,0.848472836907892,0.800801812917301,0.732013277679365,0.769929966561391,0.766954706325364,0.788309985555222,0.775199273766212,0.773182253899677,0.693710220724583,0.843762218111961,0.809501604262665,0.778203054732159,0.758006387433853,0.796207024490547,0.723531293300637,0.792191669529831,0.763300316194843,0.79906192860601,0.802523211947063,0.81785666794244,0.736165194114061,0.80132140261045,0.75988950041926,0.74487574275126,0.814068446180855,0.668815225872937,0.730676144245746,0.746159402531963,0.793941089263859,0.789736811022254,0.75899350776418,0.693378971382168,0.775248450225414,0.760737973927831,0.649709734976842,0.862104915448334,0.735563714905623,0.678059689696639,0.742736535399604,0.818469126373775
"predicted_dengue_incidence_lower_bound","20210701",2021-12-31,"san pedro",0.463566198987632,0.457748121334585,0.508313116096774,0.517941177094405,0.445514952522079,0.482150244619642,0.496399352106,0.496544336433905,0.493380287305197,0.486207838007521,0.441766974265789,0.506717514877075,0.502534688685653,0.50824477203499,0.503479308488549,0.56737923743201,0.447937035563161,0.481174667784785,0.475394727202607,0.530578086639917,0.51913344551247,0.555549805618109,0.46705167627411,0.486780914253652,0.512182157690772,0.507137844966615,0.472111811431313,0.468233927613239,0.431084904045615,0.474909698829541,0.507538416135737,0.488043948324834,0.454208943009469,0.450499414804827,0.471727675810404,0.498866442614983,0.42664423884365,0.584762478988517,0.441552118088447,0.448845413478768,0.451129617476621,0.496828732422649
